name,title,release_year,rating,rental_rate,rental_duration
Documentary,ACADEMY DINOSAUR,2006,PG,0.99,6
Documentary,ADAPTATION HOLES,2006,NC-17,2.99,7
Documentary,ARMY FLINTSTONES,2006,R,0.99,4
Documentary,BEACH HEARTBREAKERS,2006,G,2.99,6
Documentary,BED HIGHBALL,2006,NC-17,2.99,5
Documentary,BILL OTHERS,2006,PG,2.99,6
Documentary,BONNIE HOLOCAUST,2006,G,0.99,4
Documentary,BROTHERHOOD BLANKET,2006,R,0.99,3
Documentary,CAUSE DATE,2006,R,2.99,3
Documentary,CHICKEN HELLFIGHTERS,2006,PG,0.99,3
Documentary,CIDER DESIRE,2006,PG,2.99,7
Documentary,CLERKS ANGELS,2006,G,4.99,3
Documentary,COAST RAINBOW,2006,PG,0.99,4
Documentary,CUPBOARD SINNERS,2006,R,2.99,4
Documentary,DANCING FEVER,2006,G,0.99,6
Documentary,DEEP CRUSADE,2006,PG-13,4.99,6
Documentary,DELIVERANCE MULHOLLAND,2006,R,0.99,4
Documentary,DOZEN LION,2006,NC-17,4.99,6
Documentary,DUFFEL APOCALYPSE,2006,G,0.99,5
Documentary,EGG IGBY,2006,PG,2.99,4
Documentary,EXPENDABLE STALLION,2006,PG,0.99,3
Documentary,FRENCH HOLIDAY,2006,PG,4.99,5
Documentary,HALLOWEEN NUTS,2006,PG-13,2.99,6
Documentary,HARDLY ROBBERS,2006,R,2.99,7
Documentary,HAWK CHILL,2006,PG-13,0.99,5
Documentary,HEAVYWEIGHTS BEAST,2006,G,4.99,6
Documentary,HOMEWARD CIDER,2006,R,0.99,5
Documentary,HUNTER ALTER,2006,PG-13,2.99,5
Documentary,INDEPENDENCE HOTEL,2006,NC-17,0.99,5
Documentary,INTOLERABLE INTENTIONS,2006,PG-13,4.99,6
Documentary,KILL BROTHERHOOD,2006,G,0.99,4
Documentary,MADISON TRAP,2006,R,2.99,4
Documentary,MAJESTIC FLOATS,2006,PG,0.99,5
Documentary,METAL ARMAGEDDON,2006,PG-13,2.99,6
Documentary,MIDSUMMER GROUNDHOG,2006,G,4.99,3
Documentary,MIGHTY LUCK,2006,PG,2.99,7
Documentary,MOD SECRETARY,2006,NC-17,4.99,6
Documentary,MODERN DORADO,2006,PG,0.99,3
Documentary,NATIONAL STORY,2006,NC-17,2.99,4
Documentary,NEWSIES STORY,2006,G,0.99,4
Documentary,NORTH TEQUILA,2006,NC-17,4.99,4
Documentary,NOTORIOUS REUNION,2006,NC-17,0.99,7
Documentary,PACIFIC AMISTAD,2006,G,0.99,3
Documentary,PELICAN COMFORTS,2006,PG,4.99,4
Documentary,POCUS PULP,2006,NC-17,0.99,6
Documentary,PRINCESS GIANT,2006,NC-17,2.99,3
Documentary,QUILLS BULL,2006,R,4.99,4
Documentary,RAIDERS ANTITRUST,2006,PG-13,0.99,4
Documentary,RAINBOW SHOCK,2006,PG,4.99,3
Documentary,ROAD ROXANNE,2006,R,4.99,4
Documentary,SAGEBRUSH CLUELESS,2006,G,2.99,4
Documentary,SECRET GROUNDHOG,2006,PG,4.99,6
Documentary,SHIP WONDERLAND,2006,R,2.99,5
Documentary,SHOW LORD,2006,PG-13,4.99,3
Documentary,SMOKING BARBARELLA,2006,PG-13,0.99,7
Documentary,SPOILERS HELLFIGHTERS,2006,G,0.99,4
Documentary,STREAK RIDGEMONT,2006,PG-13,0.99,7
Documentary,THIN SAGEBRUSH,2006,PG-13,4.99,5
Documentary,UNITED PILOT,2006,R,0.99,3
Documentary,UNTOUCHABLES SUNRISE,2006,NC-17,2.99,5
Documentary,VILLAIN DESPERATE,2006,PG-13,4.99,4
Documentary,VIRGINIAN PLUTO,2006,R,0.99,5
Documentary,WAGON JAWS,2006,PG,2.99,7
Documentary,WARS PLUTO,2006,G,2.99,5
Documentary,WEDDING APOLLO,2006,PG,0.99,3
Documentary,WIFE TURN,2006,NC-17,4.99,3
Documentary,WRATH MILE,2006,NC-17,0.99,5
Documentary,YOUNG LANGUAGE,2006,G,0.99,6
Horror,ACE GOLDFINGER,2006,G,4.99,3
Horror,AFFAIR PREJUDICE,2006,G,2.99,5
Horror,AIRPORT POLLOCK,2006,R,4.99,6
Horror,ALABAMA DEVIL,2006,PG-13,2.99,3
Horror,ALI FOREVER,2006,PG,4.99,4
Horror,ANALYZE HOOSIERS,2006,R,2.99,6
Horror,ANYTHING SAVANNAH,2006,R,2.99,4
Horror,ARABIA DOGMA,2006,NC-17,0.99,6
Horror,ARACHNOPHOBIA ROLLERCOASTER,2006,PG-13,2.99,4
Horror,BEHAVIOR RUNAWAY,2006,PG,4.99,3
Horror,BOWFINGER GABLES,2006,NC-17,4.99,7
Horror,CARRIE BUNCH,2006,PG,0.99,7
Horror,COMMANDMENTS EXPRESS,2006,R,4.99,6
Horror,DESERT POSEIDON,2006,R,4.99,4
Horror,DRUMS DYNAMITE,2006,PG,0.99,6
Horror,EGYPT TENENBAUMS,2006,PG,0.99,3
Horror,ELEPHANT TROJAN,2006,PG-13,4.99,4
Horror,FAMILY SWEET,2006,R,0.99,4
Horror,FIDELITY DEVIL,2006,G,4.99,5
Horror,FREDDY STORM,2006,NC-17,4.99,6
Horror,GASLIGHT CRUSADE,2006,PG,2.99,4
Horror,HIGH ENCINO,2006,R,2.99,3
Horror,JAPANESE RUN,2006,G,0.99,6
Horror,KARATE MOON,2006,PG-13,0.99,4
Horror,KENTUCKIAN GIANT,2006,PG,2.99,5
Horror,LADY STAGE,2006,PG,4.99,4
Horror,LOLA AGENT,2006,PG,4.99,4
Horror,LOVE SUICIDES,2006,R,0.99,6
Horror,MONTEREY LABYRINTH,2006,G,0.99,6
Horror,MOTIONS DETAILS,2006,PG,0.99,5
Horror,PANIC CLUB,2006,G,4.99,3
Horror,PARIS WEEKEND,2006,PG-13,2.99,7
Horror,PATTON INTERVIEW,2006,PG,2.99,4
Horror,PULP BEVERLY,2006,G,2.99,4
Horror,REAP UNFAITHFUL,2006,PG-13,2.99,6
Horror,REEF SALUTE,2006,NC-17,0.99,5
Horror,ROCK INSTINCT,2006,G,0.99,4
Horror,ROLLERCOASTER BRINGING,2006,PG-13,2.99,5
Horror,RULES HUMAN,2006,R,4.99,6
Horror,SIMON NORTH,2006,NC-17,0.99,3
Horror,SINNERS ATLANTIS,2006,PG-13,2.99,7
Horror,SLEEPING SUSPECTS,2006,PG-13,4.99,7
Horror,SPIRIT FLINTSTONES,2006,R,0.99,7
Horror,STRANGERS GRAFFITI,2006,R,4.99,4
Horror,STREETCAR INTENTIONS,2006,R,4.99,5
Horror,SWARM GOLD,2006,PG-13,0.99,4
Horror,TARZAN VIDEOTAPE,2006,PG-13,2.99,3
Horror,TEMPLE ATTRACTION,2006,PG,4.99,5
Horror,TEXAS WATCH,2006,NC-17,0.99,7
Horror,TRAIN BUNCH,2006,R,4.99,3
Horror,TREASURE COMMAND,2006,PG-13,0.99,3
Horror,UNDEFEATED DALMATIONS,2006,PG-13,4.99,7
Horror,WATERSHIP FRONTIER,2006,G,0.99,6
Horror,WORLD LEATHERNECKS,2006,PG-13,0.99,3
Horror,YENTL IDAHO,2006,R,4.99,5
Horror,ZHIVAGO CORE,2006,NC-17,0.99,6
Family,AFRICAN EGG,2006,G,2.99,6
Family,APACHE DIVINE,2006,NC-17,4.99,5
Family,ATLANTIS CAUSE,2006,G,2.99,6
Family,BAKED CLEOPATRA,2006,G,2.99,3
Family,BANG KWAI,2006,NC-17,2.99,5
Family,BEDAZZLED MARRIED,2006,PG,0.99,6
Family,BILKO ANONYMOUS,2006,PG-13,4.99,3
Family,BLANKET BEVERLY,2006,G,2.99,7
Family,BLOOD ARGONAUTS,2006,G,0.99,3
Family,BLUES INSTINCT,2006,G,2.99,5
Family,BRAVEHEART HUMAN,2006,PG-13,2.99,7
Family,CHASING FIGHT,2006,PG,4.99,7
Family,CHISUM BEHAVIOR,2006,G,4.99,5
Family,CHOCOLAT HARRY,2006,NC-17,0.99,5
Family,CONFUSED CANDLES,2006,PG-13,2.99,3
Family,CONVERSATION DOWNHILL,2006,R,4.99,4
Family,DATE SPEED,2006,R,0.99,4
Family,DINOSAUR SECRETARY,2006,R,2.99,7
Family,DUMBO LUST,2006,NC-17,0.99,5
Family,EARRING INSTINCT,2006,R,0.99,3
Family,EFFECT GLADIATOR,2006,PG,0.99,6
Family,FEUD FROGMEN,2006,R,0.99,6
Family,FINDING ANACONDA,2006,R,0.99,4
Family,GABLES METROPOLIS,2006,PG,0.99,3
Family,GANDHI KWAI,2006,PG-13,0.99,7
Family,GLADIATOR WESTWARD,2006,PG,4.99,6
Family,GREASE YOUTH,2006,G,0.99,7
Family,HALF OUTFIELD,2006,PG-13,2.99,6
Family,HOCUS FRIDA,2006,G,2.99,4
Family,HOMICIDE PEACH,2006,PG-13,2.99,6
Family,HOUSE DYNAMITE,2006,R,2.99,7
Family,HUNTING MUSKETEERS,2006,NC-17,2.99,6
Family,INDIAN LOVE,2006,NC-17,0.99,4
Family,JASON TRAP,2006,NC-17,2.99,5
Family,JEDI BENEATH,2006,PG,0.99,7
Family,KILLER INNOCENT,2006,R,2.99,7
Family,KING EVOLUTION,2006,NC-17,4.99,3
Family,LOLITA WORLD,2006,NC-17,2.99,4
Family,LOUISIANA HARRY,2006,PG-13,0.99,5
Family,MAGUIRE APACHE,2006,NC-17,2.99,6
Family,MANCHURIAN CURTAIN,2006,PG,2.99,5
Family,MOVIE SHAKESPEARE,2006,PG,4.99,6
Family,MUSIC BOONDOCK,2006,R,0.99,7
Family,NATURAL STOCK,2006,PG-13,0.99,4
Family,NETWORK PEAK,2006,PG-13,2.99,5
Family,ODDS BOOGIE,2006,NC-17,0.99,6
Family,OPPOSITE NECKLACE,2006,PG,4.99,7
Family,PILOT HOOSIERS,2006,PG,2.99,6
Family,PITTSBURGH HUNCHBACK,2006,PG-13,4.99,4
Family,PRESIDENT BANG,2006,PG,4.99,6
Family,PRIX UNDEFEATED,2006,R,2.99,4
Family,RAGE GAMES,2006,R,4.99,4
Family,RANGE MOONWALKER,2006,PG,4.99,3
Family,REMEMBER DIARY,2006,R,2.99,5
Family,RESURRECTION SILVERADO,2006,PG,0.99,6
Family,ROBBERY BRIGHT,2006,R,0.99,4
Family,RUSH GOODFELLAS,2006,PG,0.99,3
Family,SECRETS PARADISE,2006,G,4.99,3
Family,SENSIBILITY REAR,2006,PG,4.99,7
Family,SIEGE MADRE,2006,R,0.99,7
Family,SLUMS DUCK,2006,PG,0.99,5
Family,SOUP WISDOM,2006,R,0.99,6
Family,SPARTACUS CHEAPER,2006,NC-17,4.99,4
Family,SPINAL ROCKY,2006,PG-13,2.99,7
Family,SPLASH GUMP,2006,PG,0.99,5
Family,SUNSET RACER,2006,NC-17,0.99,6
Family,SUPER WYOMING,2006,PG,4.99,5
Family,VIRTUAL SPOILERS,2006,NC-17,4.99,3
Family,WILLOW TRACY,2006,R,2.99,6
Foreign,AGENT TRUMAN,2006,PG,2.99,3
Foreign,ALAMO VIDEOTAPE,2006,G,0.99,6
Foreign,ALIEN CENTER,2006,NC-17,2.99,5
Foreign,ALLEY EVOLUTION,2006,NC-17,2.99,6
Foreign,BABY HALL,2006,NC-17,4.99,5
Foreign,BALLROOM MOCKINGBIRD,2006,G,0.99,6
Foreign,BROOKLYN DESERT,2006,R,4.99,7
Foreign,BUGSY SONG,2006,G,2.99,4
Foreign,CALENDAR GUNFIGHT,2006,NC-17,4.99,4
Foreign,CATCH AMISTAD,2006,G,0.99,7
Foreign,CHOCOLATE DUCK,2006,R,2.99,3
Foreign,COMMAND DARLING,2006,PG-13,4.99,5
Foreign,COWBOY DOOM,2006,PG,2.99,3
Foreign,CROSSING DIVORCE,2006,R,4.99,4
Foreign,CRYSTAL BREAKING,2006,NC-17,2.99,6
Foreign,CYCLONE FAMILY,2006,PG,2.99,7
Foreign,DANGEROUS UPTOWN,2006,PG,4.99,7
Foreign,DOUBTFIRE LABYRINTH,2006,R,4.99,5
Foreign,EVERYONE CRAFT,2006,PG,0.99,4
Foreign,FICTION CHRISTMAS,2006,PG,0.99,4
Foreign,FRIDA SLIPPER,2006,R,2.99,6
Foreign,GENTLEMEN STAGE,2006,NC-17,2.99,6
Foreign,GRAPES FURY,2006,G,0.99,4
Foreign,GREEK EVERYONE,2006,PG,2.99,7
Foreign,HAPPINESS UNITED,2006,G,2.99,6
Foreign,HELLFIGHTERS SIERRA,2006,PG,2.99,3
Foreign,HIGHBALL POTTER,2006,R,0.99,6
Foreign,HOLIDAY GAMES,2006,PG-13,4.99,7
Foreign,HOOSIERS BIRDCAGE,2006,G,2.99,3
Foreign,HOTEL HAPPINESS,2006,PG-13,4.99,6
Foreign,HUNGER ROOF,2006,G,0.99,6
Foreign,ILLUSION AMELIE,2006,R,0.99,4
Foreign,IMPOSSIBLE PREJUDICE,2006,NC-17,4.99,7
Foreign,INFORMER DOUBLE,2006,NC-17,4.99,4
Foreign,INNOCENT USUAL,2006,PG-13,4.99,3
Foreign,INTRIGUE WORST,2006,G,0.99,6
Foreign,JET NEIGHBORS,2006,R,4.99,7
Foreign,KANE EXORCIST,2006,R,0.99,5
Foreign,KISS GLORY,2006,PG-13,4.99,5
Foreign,LOSE INCH,2006,R,0.99,3
Foreign,LOST BIRD,2006,PG-13,2.99,4
Foreign,MADNESS ATTACKS,2006,PG-13,0.99,4
Foreign,MATRIX SNOWMAN,2006,PG-13,4.99,6
Foreign,MAUDE MOD,2006,R,0.99,6
Foreign,MEET CHOCOLATE,2006,G,2.99,3
Foreign,MIXED DOORS,2006,PG-13,2.99,6
Foreign,MOON BUNCH,2006,PG,0.99,7
Foreign,MULHOLLAND BEAST,2006,PG,2.99,7
Foreign,MUPPET MILE,2006,PG,4.99,5
Foreign,NEWTON LABYRINTH,2006,PG,0.99,4
Foreign,OPUS ICE,2006,R,4.99,5
Foreign,ORANGE GRAPES,2006,PG-13,0.99,4
Foreign,PAST SUICIDES,2006,PG-13,4.99,5
Foreign,PEARL DESTINY,2006,NC-17,2.99,3
Foreign,PET HAUNTING,2006,PG,0.99,3
Foreign,POLLOCK DELIVERANCE,2006,PG,2.99,5
Foreign,PURPLE MOVIE,2006,R,2.99,4
Foreign,RESERVOIR ADAPTATION,2006,PG-13,2.99,7
Foreign,ROCKETEER MOTHER,2006,PG-13,0.99,3
Foreign,SCHOOL JACKET,2006,PG-13,4.99,5
Foreign,SCISSORHANDS SLUMS,2006,G,2.99,5
Foreign,SHOCK CABIN,2006,PG-13,2.99,7
Foreign,SHREK LICENSE,2006,PG-13,2.99,7
Foreign,SORORITY QUEEN,2006,NC-17,0.99,6
Foreign,STEPMOM DREAM,2006,NC-17,4.99,7
Foreign,TOWN ARK,2006,R,2.99,6
Foreign,TRAP GUYS,2006,G,4.99,3
Foreign,USUAL UNTOUCHABLES,2006,PG-13,4.99,5
Foreign,VISION TORQUE,2006,PG-13,0.99,5
Foreign,WAR NOTTING,2006,G,4.99,7
Foreign,WASH HEAVENLY,2006,R,4.99,7
Foreign,WHALE BIKINI,2006,PG-13,4.99,4
Foreign,WONDERFUL DROP,2006,NC-17,2.99,3
Comedy,AIRPLANE SIERRA,2006,PG-13,4.99,6
Comedy,ANTHEM LUKE,2006,PG-13,4.99,5
Comedy,BRINGING HYSTERICAL,2006,PG,2.99,7
Comedy,CAPER MOTIONS,2006,G,0.99,6
Comedy,CAT CONEHEADS,2006,G,4.99,5
Comedy,CLOSER BANG,2006,R,4.99,5
Comedy,CONNECTION MICROCOSMOS,2006,G,0.99,6
Comedy,CONTROL ANTHEM,2006,G,4.99,7
Comedy,CRAZY HOME,2006,PG,2.99,7
Comedy,DADDY PITTSBURGH,2006,G,4.99,5
Comedy,DOOM DANCING,2006,R,0.99,4
Comedy,DOWNHILL ENOUGH,2006,G,0.99,3
Comedy,DYING MAKER,2006,PG,4.99,5
Comedy,ELEMENT FREDDY,2006,NC-17,4.99,6
Comedy,FERRIS MOTHER,2006,PG,2.99,3
Comedy,FIREBALL PHILADELPHIA,2006,PG,0.99,4
Comedy,FLINTSTONES HAPPINESS,2006,PG-13,4.99,3
Comedy,FRANKENSTEIN STRANGER,2006,NC-17,0.99,7
Comedy,FREEDOM CLEOPATRA,2006,PG-13,0.99,5
Comedy,GOLD RIVER,2006,R,4.99,4
Comedy,GROUNDHOG UNCUT,2006,PG-13,4.99,6
Comedy,GUNFIGHT MOON,2006,NC-17,0.99,5
Comedy,HATE HANDICAP,2006,PG,0.99,4
Comedy,HEAVEN FREEDOM,2006,PG,2.99,7
Comedy,HEDWIG ALTER,2006,NC-17,2.99,7
Comedy,HURRICANE AFFAIR,2006,PG,2.99,6
Comedy,HUSTLER PARTY,2006,NC-17,4.99,3
Comedy,JAWS HARRY,2006,G,2.99,4
Comedy,KNOCK WARLOCK,2006,PG-13,2.99,4
Comedy,LIFE TWISTED,2006,NC-17,2.99,4
Comedy,LION UNCUT,2006,PG,0.99,6
Comedy,LONELY ELEPHANT,2006,G,2.99,3
Comedy,MALLRATS UNITED,2006,PG,0.99,4
Comedy,MEMENTO ZOOLANDER,2006,NC-17,4.99,4
Comedy,MULAN MOON,2006,G,0.99,4
Comedy,MYSTIC TRUMAN,2006,NC-17,0.99,5
Comedy,OPERATION OPERATION,2006,G,2.99,7
Comedy,PARADISE SABRINA,2006,PG-13,2.99,5
Comedy,PARTY KNOCK,2006,PG,2.99,7
Comedy,PERFECT GROOVE,2006,PG-13,2.99,7
Comedy,PINOCCHIO SIMON,2006,PG,4.99,4
Comedy,PURE RUNNER,2006,NC-17,2.99,3
Comedy,RUSHMORE MERMAID,2006,PG-13,2.99,6
Comedy,SADDLE ANTITRUST,2006,PG-13,2.99,7
Comedy,SATURN NAME,2006,R,4.99,7
Comedy,SEARCHERS WAIT,2006,NC-17,2.99,3
Comedy,SNATCH SLIPPER,2006,PG,4.99,6
Comedy,STAGE WORLD,2006,PG,2.99,4
Comedy,STRICTLY SCARFACE,2006,PG-13,2.99,3
Comedy,SUBMARINE BED,2006,R,4.99,5
Comedy,SWEDEN SHINING,2006,PG,4.99,6
Comedy,TRAINSPOTTING STRANGERS,2006,PG-13,4.99,7
Comedy,TRAMP OTHERS,2006,PG,0.99,4
Comedy,VALLEY PACKER,2006,G,0.99,3
Comedy,VELVET TERMINATOR,2006,R,4.99,3
Comedy,VERTIGO NORTHWEST,2006,R,2.99,4
Comedy,WISDOM WORKER,2006,R,0.99,3
Comedy,ZORRO ARK,2006,NC-17,4.99,3
Sports,ALADDIN CALENDAR,2006,NC-17,4.99,6
Sports,ANONYMOUS HUMAN,2006,NC-17,0.99,7
Sports,ARTIST COLDBLOODED,2006,NC-17,2.99,5
Sports,BUBBLE GROSSE,2006,R,4.99,4
Sports,CALIFORNIA BIRDS,2006,NC-17,4.99,4
Sports,CARIBBEAN LIBERTY,2006,NC-17,4.99,3
Sports,CHANCE RESURRECTION,2006,R,2.99,3
Sports,CONGENIALITY QUEST,2006,PG-13,0.99,6
Sports,CRANES RESERVOIR,2006,NC-17,2.99,5
Sports,CRUSADE HONEY,2006,R,2.99,4
Sports,DIVORCE SHINING,2006,G,2.99,3
Sports,DRIVER ANNIE,2006,PG-13,2.99,4
Sports,DROP WATERFRONT,2006,R,4.99,6
Sports,DUDE BLINDNESS,2006,G,4.99,3
Sports,DURHAM PANKY,2006,R,4.99,6
Sports,ELIZABETH SHANE,2006,NC-17,4.99,7
Sports,EVOLUTION ALTER,2006,PG-13,0.99,5
Sports,EXORCIST STING,2006,G,2.99,6
Sports,FLATLINERS KILLER,2006,G,2.99,5
Sports,FLIGHT LIES,2006,R,4.99,7
Sports,GLEAMING JAWBREAKER,2006,NC-17,2.99,5
Sports,GRACELAND DYNAMITE,2006,R,4.99,5
Sports,GROOVE FICTION,2006,NC-17,0.99,6
Sports,GUNFIGHTER MUSSOLINI,2006,PG-13,2.99,3
Sports,HOLES BRANNIGAN,2006,PG,4.99,7
Sports,HONEY TIES,2006,R,0.99,3
Sports,HYSTERICAL GRAIL,2006,PG,4.99,5
Sports,IMAGE PRINCESS,2006,PG-13,2.99,3
Sports,INSTINCT AIRPORT,2006,PG,2.99,4
Sports,JADE BUNCH,2006,NC-17,2.99,6
Sports,JOON NORTHWEST,2006,NC-17,0.99,3
Sports,KRAMER CHOCOLATE,2006,R,2.99,3
Sports,LESSON CLEOPATRA,2006,NC-17,0.99,3
Sports,LIBERTY MAGNIFICENT,2006,G,2.99,3
Sports,LOSER HUSTLER,2006,PG,4.99,5
Sports,MERMAID INSECTS,2006,NC-17,4.99,5
Sports,MILE MULAN,2006,PG,0.99,4
Sports,MOSQUITO ARMAGEDDON,2006,G,0.99,6
Sports,MOTHER OLEANDER,2006,R,0.99,3
Sports,MUMMY CREATURES,2006,NC-17,0.99,3
Sports,MUSSOLINI SPOILERS,2006,G,2.99,6
Sports,NEIGHBORS CHARADE,2006,R,0.99,3
Sports,NORTHWEST POLISH,2006,PG,2.99,5
Sports,NOVOCAINE FLIGHT,2006,G,0.99,4
Sports,PEACH INNOCENT,2006,PG-13,2.99,3
Sports,PEAK FOREVER,2006,PG,4.99,7
Sports,PERDITION FARGO,2006,NC-17,4.99,7
Sports,PHILADELPHIA WIFE,2006,PG-13,4.99,7
Sports,PICKUP DRIVING,2006,G,2.99,3
Sports,PIRATES ROXANNE,2006,PG,0.99,4
Sports,POSEIDON FOREVER,2006,PG-13,4.99,6
Sports,RECORDS ZORRO,2006,PG,4.99,7
Sports,RIDER CADDYSHACK,2006,PG,2.99,5
Sports,RIVER OUTLAW,2006,PG-13,0.99,4
Sports,ROSES TREASURE,2006,PG-13,4.99,5
Sports,SATISFACTION CONFIDENTIAL,2006,G,4.99,3
Sports,SATURDAY LAMBS,2006,G,4.99,3
Sports,SEABISCUIT PUNK,2006,NC-17,2.99,6
Sports,SECRETARY ROUGE,2006,PG,4.99,5
Sports,SENSE GREEK,2006,R,4.99,4
Sports,SHAKESPEARE SADDLE,2006,PG-13,2.99,6
Sports,SIERRA DIVIDE,2006,NC-17,0.99,3
Sports,SLIPPER FIDELITY,2006,PG-13,0.99,5
Sports,SMOOCHY CONTROL,2006,R,0.99,7
Sports,SQUAD FISH,2006,PG,2.99,3
Sports,STAR OPERATION,2006,PG,2.99,5
Sports,STEERS ARMAGEDDON,2006,PG,4.99,6
Sports,STRAIGHT HOURS,2006,R,0.99,3
Sports,TALENTED HOMICIDE,2006,PG,0.99,6
Sports,TIGHTS DAWN,2006,R,0.99,5
Sports,TOURIST PELICAN,2006,PG-13,4.99,4
Sports,TRADING PINOCCHIO,2006,PG,4.99,6
Sports,TUXEDO MILE,2006,R,2.99,3
Sports,VICTORY ACADEMY,2006,PG-13,0.99,6
Music,ALASKA PHANTOM,2006,PG,0.99,6
Music,ALONE TRIP,2006,R,0.99,3
Music,AMELIE HELLFIGHTERS,2006,R,4.99,4
Music,BALLOON HOMEWARD,2006,NC-17,2.99,5
Music,BANGER PINOCCHIO,2006,R,0.99,5
Music,BIRCH ANTITRUST,2006,PG,4.99,4
Music,BIRDCAGE CASPER,2006,NC-17,0.99,4
Music,BOOGIE AMELIE,2006,R,4.99,6
Music,CHAMBER ITALIAN,2006,NC-17,4.99,7
Music,CLONES PINOCCHIO,2006,R,2.99,6
Music,CLUE GRAIL,2006,NC-17,4.99,6
Music,CONFIDENTIAL INTERVIEW,2006,NC-17,4.99,6
Music,DEER VIRGINIAN,2006,NC-17,2.99,7
Music,DORADO NOTTING,2006,NC-17,4.99,5
Music,DRIVING POLISH,2006,NC-17,4.99,6
Music,ELF MURDER,2006,NC-17,4.99,4
Music,ENEMY ODDS,2006,NC-17,4.99,5
Music,FREAKY POCUS,2006,R,2.99,7
Music,GO PURPLE,2006,R,0.99,3
Music,GREATEST NORTH,2006,NC-17,2.99,5
Music,GROSSE WONDERFUL,2006,R,4.99,5
Music,HANOVER GALAXY,2006,NC-17,4.99,5
Music,HEAVENLY GUN,2006,NC-17,4.99,5
Music,HOME PITY,2006,R,4.99,7
Music,IMPACT ALADDIN,2006,PG-13,0.99,6
Music,INSIDER ARIZONA,2006,NC-17,2.99,5
Music,JAWBREAKER BROOKLYN,2006,PG,0.99,5
Music,LEGEND JEDI,2006,PG,0.99,7
Music,LUCKY FLYING,2006,PG-13,2.99,7
Music,MASKED BUBBLE,2006,PG-13,0.99,6
Music,MINORITY KISS,2006,G,0.99,4
Music,MONSTER SPARTACUS,2006,PG,2.99,6
Music,OLEANDER CLUE,2006,PG,0.99,5
Music,OUTFIELD MASSACRE,2006,NC-17,0.99,4
Music,PERSONAL LADYBUGS,2006,PG-13,0.99,3
Music,REBEL AIRPORT,2006,G,0.99,7
Music,REDS POCUS,2006,PG-13,4.99,7
Music,ROMAN PUNK,2006,NC-17,0.99,7
Music,RUNNER MADIGAN,2006,NC-17,0.99,6
Music,SCALAWAG DUCK,2006,NC-17,4.99,6
Music,SILENCE KANE,2006,R,0.99,7
Music,SONG HEDWIG,2006,PG-13,0.99,3
Music,TAXI KICK,2006,PG-13,0.99,4
Music,TELEGRAPH VOYAGE,2006,PG,4.99,3
Music,TERMINATOR CLUB,2006,R,4.99,5
Music,UNCUT SUICIDES,2006,PG-13,2.99,7
Music,VANISHING ROCKY,2006,NC-17,2.99,3
Music,WIZARD COLDBLOODED,2006,PG,4.99,4
Music,WON DARES,2006,PG,2.99,7
Music,WORDS HUNTER,2006,PG,2.99,3
Music,YOUTH KICK,2006,NC-17,0.99,4
Classics,ALICE FANTASIA,2006,NC-17,0.99,6
Classics,ARIZONA BANG,2006,PG,2.99,3
Classics,BEAST HUNCHBACK,2006,R,4.99,3
Classics,BOUND CHEAPER,2006,PG,0.99,5
Classics,CANDIDATE PERDITION,2006,R,2.99,4
Classics,CENTER DINOSAUR,2006,PG,4.99,5
Classics,COLOR PHILADELPHIA,2006,G,2.99,6
Classics,CONSPIRACY SPIRIT,2006,PG-13,2.99,4
Classics,CORE SUIT,2006,PG-13,2.99,3
Classics,CREEPERS KANE,2006,NC-17,4.99,5
Classics,CRUELTY UNFORGIVEN,2006,G,0.99,7
Classics,DETECTIVE VISION,2006,PG-13,0.99,4
Classics,DRACULA CRYSTAL,2006,G,0.99,7
Classics,DYNAMITE TARZAN,2006,PG-13,0.99,4
Classics,EXTRAORDINARY CONQUERER,2006,G,2.99,6
Classics,FROST HEAD,2006,PG,0.99,5
Classics,GALAXY SWEETHEARTS,2006,R,4.99,4
Classics,GILBERT PELICAN,2006,G,0.99,7
Classics,GILMORE BOILED,2006,R,0.99,5
Classics,HOLY TADPOLE,2006,R,0.99,6
Classics,HOPE TOOTSIE,2006,NC-17,2.99,4
Classics,HYDE DOCTOR,2006,G,2.99,5
Classics,IRON MOON,2006,PG,4.99,7
Classics,ISLAND EXORCIST,2006,NC-17,2.99,7
Classics,JEEPERS WEDDING,2006,R,2.99,3
Classics,JEOPARDY ENCINO,2006,R,0.99,3
Classics,JERK PAYCHECK,2006,NC-17,2.99,3
Classics,JINGLE SAGEBRUSH,2006,PG-13,4.99,6
Classics,LEAGUE HELLFIGHTERS,2006,PG-13,4.99,5
Classics,LIGHTS DEER,2006,R,0.99,7
Classics,LOATHING LEGALLY,2006,R,0.99,4
Classics,LOVELY JINGLE,2006,PG,2.99,3
Classics,LOVER TRUMAN,2006,G,2.99,3
Classics,MAGNIFICENT CHITTY,2006,R,2.99,3
Classics,MALKOVICH PET,2006,G,2.99,6
Classics,MILLION ACE,2006,PG-13,4.99,4
Classics,MUSKETEERS WAIT,2006,PG,4.99,7
Classics,OCTOBER SUBMARINE,2006,PG-13,4.99,6
Classics,PAJAMA JAWBREAKER,2006,R,0.99,3
Classics,PATIENT SISTER,2006,NC-17,0.99,7
Classics,PREJUDICE OLEANDER,2006,PG-13,4.99,6
Classics,REQUIEM TYCOON,2006,R,4.99,6
Classics,RIGHT CRANES,2006,PG-13,4.99,7
Classics,ROOTS REMEMBER,2006,PG-13,0.99,4
Classics,SLING LUKE,2006,R,0.99,5
Classics,SNATCHERS MONTEZUMA,2006,PG-13,2.99,4
Classics,SPIKING ELEMENT,2006,G,2.99,7
Classics,STEEL SANTA,2006,NC-17,4.99,4
Classics,SUMMER SCARFACE,2006,G,0.99,5
Classics,TADPOLE PARK,2006,PG,2.99,6
Classics,TIMBERLAND SKY,2006,G,0.99,3
Classics,TOMORROW HUSTLER,2006,R,2.99,3
Classics,TOWERS HURRICANE,2006,NC-17,0.99,7
Classics,VOLUME HOUSE,2006,PG,4.99,7
Classics,VOYAGE LEGALLY,2006,PG-13,0.99,6
Classics,WASTELAND DIVINE,2006,PG,2.99,7
Classics,WESTWARD SEABISCUIT,2006,NC-17,0.99,7
Animation,ALTER VICTORY,2006,PG-13,0.99,6
Animation,ANACONDA CONFESSIONS,2006,R,0.99,3
Animation,ARGONAUTS TOWN,2006,PG-13,0.99,7
Animation,BIKINI BORROWERS,2006,NC-17,4.99,7
Animation,BLACKOUT PRIVATE,2006,PG,2.99,7
Animation,BORROWERS BEDAZZLED,2006,G,0.99,7
Animation,CANYON STOCK,2006,R,0.99,7
Animation,CAROL TEXAS,2006,PG,2.99,4
Animation,CHAMPION FLATLINERS,2006,PG,4.99,4
Animation,CLASH FREDDY,2006,G,2.99,6
Animation,CLUB GRAFFITI,2006,PG-13,0.99,4
Animation,CROSSROADS CASUALTIES,2006,G,2.99,5
Animation,DARES PLUTO,2006,PG-13,2.99,7
Animation,DESIRE ALIEN,2006,NC-17,2.99,7
Animation,DOGMA FAMILY,2006,G,4.99,5
Animation,DONNIE ALLEY,2006,NC-17,0.99,4
Animation,DOORS PRESIDENT,2006,NC-17,4.99,3
Animation,DOUBLE WRATH,2006,R,0.99,4
Animation,DUCK RACER,2006,NC-17,2.99,4
Animation,EARLY HOME,2006,NC-17,4.99,6
Animation,FALCON VOLUME,2006,PG-13,4.99,5
Animation,FIGHT JAWBREAKER,2006,R,0.99,3
Animation,FLOATS GARDEN,2006,PG-13,2.99,6
Animation,FLYING HOOK,2006,NC-17,2.99,6
Animation,FORRESTER COMANCHEROS,2006,NC-17,4.99,7
Animation,GANGS PRIDE,2006,PG-13,2.99,4
Animation,GHOSTBUSTERS ELF,2006,R,0.99,7
Animation,HARPER DYING,2006,G,0.99,3
Animation,HOOK CHARIOTS,2006,G,0.99,7
Animation,HORN WORKING,2006,PG,2.99,4
Animation,INCH JET,2006,NC-17,4.99,6
Animation,INSECTS STONE,2006,NC-17,0.99,3
Animation,INTENTIONS EMPIRE,2006,PG-13,2.99,3
Animation,ISHTAR ROCKETEER,2006,R,4.99,4
Animation,JUGGLER HARDLY,2006,PG-13,0.99,4
Animation,LAWLESS VISION,2006,G,4.99,6
Animation,LUKE MUMMY,2006,NC-17,2.99,5
Animation,MASSAGE IMAGE,2006,PG,2.99,4
Animation,MENAGERIE RUSHMORE,2006,G,2.99,7
Animation,MIRACLE VIRTUAL,2006,PG-13,2.99,3
Animation,MISSION ZOOLANDER,2006,PG-13,4.99,3
Animation,NASH CHOCOLAT,2006,PG-13,2.99,6
Animation,OSCAR GOLD,2006,PG,2.99,7
Animation,OZ LIAISONS,2006,R,2.99,4
Animation,PACKER MADIGAN,2006,PG-13,0.99,3
Animation,POND SEATTLE,2006,PG-13,2.99,7
Animation,POTLUCK MIXED,2006,G,2.99,3
Animation,POTTER CONNECTICUT,2006,PG,2.99,5
Animation,PRIDE ALAMO,2006,NC-17,0.99,6
Animation,PUNK DIVORCE,2006,PG,4.99,6
Animation,ROOM ROMAN,2006,PG,0.99,7
Animation,SLEEPLESS MONSOON,2006,G,4.99,5
Animation,SNOWMAN ROLLERCOASTER,2006,G,0.99,3
Animation,SONS INTERVIEW,2006,NC-17,2.99,3
Animation,STORM HAPPINESS,2006,NC-17,0.99,6
Animation,SUGAR WONKA,2006,PG,4.99,3
Animation,SUNRISE LEAGUE,2006,PG-13,4.99,3
Animation,TELEMARK HEARTBREAKERS,2006,PG-13,2.99,6
Animation,THEORY MERMAID,2006,PG-13,0.99,5
Animation,THIEF PELICAN,2006,PG-13,4.99,5
Animation,TITANIC BOONDOCK,2006,R,4.99,3
Animation,TRACY CIDER,2006,G,0.99,3
Animation,TURN STAR,2006,G,2.99,3
Animation,WAIT CIDER,2006,PG-13,0.99,3
Animation,WATCH TRACY,2006,PG,0.99,5
Animation,WONKA SEA,2006,NC-17,2.99,6
Action,AMADEUS HOLY,2006,PG,0.99,6
Action,AMERICAN CIRCUS,2006,R,4.99,3
Action,ANTITRUST TOMATOES,2006,NC-17,2.99,5
Action,ARK RIDGEMONT,2006,NC-17,0.99,6
Action,BAREFOOT MANCHURIAN,2006,G,2.99,6
Action,BERETS AGENT,2006,PG-13,2.99,5
Action,BRIDE INTRIGUE,2006,G,0.99,7
Action,BULL SHAWSHANK,2006,NC-17,0.99,6
Action,CADDYSHACK JEDI,2006,NC-17,0.99,3
Action,CAMPUS REMEMBER,2006,R,2.99,5
Action,CASUALTIES ENCINO,2006,G,4.99,3
Action,CELEBRITY HORN,2006,PG-13,0.99,7
Action,CLUELESS BUCKET,2006,R,2.99,4
Action,CROW GREASE,2006,PG,0.99,6
Action,DANCES NONE,2006,NC-17,0.99,3
Action,DARKO DORADO,2006,NC-17,4.99,3
Action,DARN FORRESTER,2006,G,4.99,7
Action,DEVIL DESIRE,2006,R,4.99,6
Action,DRAGON SQUAD,2006,NC-17,0.99,4
Action,DREAM PICKUP,2006,PG,2.99,6
Action,DRIFTER COMMANDMENTS,2006,PG-13,4.99,5
Action,EASY GLADIATOR,2006,G,4.99,5
Action,ENTRAPMENT SATISFACTION,2006,R,0.99,5
Action,EXCITEMENT EVE,2006,G,0.99,3
Action,FANTASY TROOPERS,2006,PG-13,0.99,6
Action,FIREHOUSE VIETNAM,2006,G,0.99,7
Action,FOOL MOCKINGBIRD,2006,PG,4.99,3
Action,FORREST SONS,2006,R,2.99,4
Action,GLASS DYING,2006,G,0.99,4
Action,GOSFORD DONNIE,2006,G,4.99,5
Action,GRAIL FRANKENSTEIN,2006,NC-17,2.99,4
Action,HANDICAP BOONDOCK,2006,R,0.99,4
Action,HILLS NEIGHBORS,2006,G,0.99,5
Action,KISSING DOLLS,2006,R,4.99,3
Action,LAWRENCE LOVE,2006,NC-17,0.99,7
Action,LORD ARIZONA,2006,PG-13,2.99,5
Action,LUST LOCK,2006,G,2.99,3
Action,MAGNOLIA FORRESTER,2006,PG-13,0.99,4
Action,MIDNIGHT WESTWARD,2006,G,0.99,3
Action,MINDS TRUMAN,2006,PG-13,4.99,3
Action,MOCKINGBIRD HOLLYWOOD,2006,PG,0.99,4
Action,MONTEZUMA COMMAND,2006,NC-17,0.99,6
Action,PARK CITIZEN,2006,PG-13,4.99,3
Action,PATRIOT ROMAN,2006,PG,2.99,6
Action,PRIMARY GLASS,2006,G,0.99,7
Action,QUEST MUSSOLINI,2006,R,2.99,5
Action,REAR TRADING,2006,NC-17,0.99,6
Action,RINGS HEARTBREAKERS,2006,G,0.99,5
Action,RUGRATS SHAKESPEARE,2006,PG-13,0.99,4
Action,SHRUNK DIVINE,2006,R,2.99,6
Action,SIDE ARK,2006,G,0.99,5
Action,SKY MIRACLE,2006,PG,2.99,7
Action,SOUTH WAIT,2006,R,2.99,4
Action,SPEAKEASY DATE,2006,PG-13,2.99,6
Action,STAGECOACH ARMAGEDDON,2006,R,4.99,5
Action,STORY SIDE,2006,R,0.99,7
Action,SUSPECTS QUILLS,2006,PG,2.99,4
Action,TRIP NEWTON,2006,PG-13,4.99,7
Action,TRUMAN CRAZY,2006,G,4.99,7
Action,UPRISING UPTOWN,2006,NC-17,2.99,6
Action,WATERFRONT DELIVERANCE,2006,G,4.99,4
Action,WEREWOLF LOLA,2006,G,4.99,6
Action,WOMEN DORADO,2006,R,0.99,4
Action,WORST BANGER,2006,PG,2.99,4
New,AMISTAD MIDSUMMER,2006,G,2.99,6
New,ANGELS LIFE,2006,G,2.99,3
New,APOCALYPSE FLAMINGOS,2006,R,4.99,6
New,ATTRACTION NEWTON,2006,PG-13,4.99,5
New,BIRDS PERDITION,2006,G,4.99,5
New,BOULEVARD MOB,2006,R,0.99,3
New,BRANNIGAN SUNRISE,2006,PG,4.99,4
New,BREAKFAST GOLDFINGER,2006,G,4.99,5
New,BREAKING HOME,2006,PG-13,2.99,4
New,BUTCH PANTHER,2006,PG-13,0.99,6
New,BUTTERFLY CHOCOLAT,2006,G,0.99,3
New,CHAPLIN LICENSE,2006,NC-17,2.99,7
New,CHINATOWN GLADIATOR,2006,PG,4.99,7
New,CLEOPATRA DEVIL,2006,PG-13,0.99,6
New,CLYDE THEORY,2006,PG-13,0.99,4
New,DAY UNFAITHFUL,2006,G,4.99,3
New,DESTINY SATURDAY,2006,G,4.99,4
New,DRAGONFLY STRANGERS,2006,NC-17,4.99,6
New,EAGLES PANKY,2006,NC-17,4.99,4
New,EARTH VISION,2006,NC-17,0.99,7
New,ENDING CROWDS,2006,NC-17,0.99,6
New,EVE RESURRECTION,2006,G,4.99,5
New,FATAL HAUNTED,2006,PG,2.99,6
New,FLAMINGOS CONNECTICUT,2006,PG-13,4.99,4
New,FLASH WARS,2006,NC-17,4.99,3
New,FRONTIER CABIN,2006,PG-13,4.99,6
New,GODFATHER DIARY,2006,NC-17,2.99,3
New,HOURS RAGE,2006,NC-17,0.99,4
New,IDAHO LOVE,2006,PG-13,2.99,3
New,INTERVIEW LIAISONS,2006,R,4.99,4
New,JEKYLL FROGMEN,2006,PG,2.99,4
New,JUMANJI BLADE,2006,G,2.99,4
New,JUNGLE CLOSER,2006,NC-17,0.99,6
New,LOVERBOY ATTACKS,2006,PG-13,0.99,7
New,MAIDEN HOME,2006,PG,4.99,3
New,MANNEQUIN WORST,2006,PG-13,2.99,3
New,MASK PEACH,2006,NC-17,2.99,6
New,MINE TITANS,2006,PG-13,4.99,3
New,MONEY HAROLD,2006,PG,2.99,3
New,NUTS TIES,2006,NC-17,4.99,5
New,OKLAHOMA JUMANJI,2006,PG,0.99,7
New,PHANTOM GLORY,2006,NC-17,2.99,6
New,PIANIST OUTFIELD,2006,NC-17,0.99,6
New,PLATOON INSTINCT,2006,PG-13,4.99,6
New,PLUTO OLEANDER,2006,R,4.99,5
New,REDEMPTION COMFORTS,2006,NC-17,2.99,3
New,RIDGEMONT SUBMARINE,2006,PG-13,0.99,3
New,RUN PACIFIC,2006,R,0.99,3
New,RUNAWAY TENENBAUMS,2006,NC-17,0.99,6
New,SALUTE APOLLO,2006,R,2.99,4
New,SAMURAI LION,2006,G,2.99,5
New,SLEEPY JAPANESE,2006,PG,2.99,4
New,STING PERSONAL,2006,NC-17,4.99,3
New,STOCK GLASS,2006,PG,2.99,7
New,TROOPERS METAL,2006,R,0.99,3
New,UNBREAKABLE KARATE,2006,G,0.99,3
New,VAMPIRE WHALE,2006,NC-17,4.99,4
New,VANISHED GARDEN,2006,R,0.99,5
New,VARSITY TRIP,2006,NC-17,2.99,7
New,VOICE PEACH,2006,PG-13,0.99,6
New,WAKE JAWS,2006,G,4.99,7
New,WILD APOLLO,2006,R,0.99,4
New,WYOMING STORM,2006,PG-13,4.99,6
Sci-Fi,ANNIE IDENTITY,2006,G,0.99,3
Sci-Fi,ARMAGEDDON LOST,2006,G,0.99,5
Sci-Fi,ATTACKS HATE,2006,PG-13,4.99,5
Sci-Fi,BADMAN DAWN,2006,R,2.99,6
Sci-Fi,BARBARELLA STREETCAR,2006,G,2.99,6
Sci-Fi,BEVERLY OUTLAW,2006,R,2.99,3
Sci-Fi,BINGO TALENTED,2006,PG-13,2.99,5
Sci-Fi,BLINDNESS GUN,2006,PG-13,4.99,6
Sci-Fi,CAMELOT VACATION,2006,NC-17,0.99,3
Sci-Fi,CHAINSAW UPTOWN,2006,PG,0.99,6
Sci-Fi,CHARADE DUFFEL,2006,PG,2.99,3
Sci-Fi,CHARIOTS CONSPIRACY,2006,R,2.99,5
Sci-Fi,CHEAPER CLYDE,2006,G,0.99,6
Sci-Fi,CINCINATTI WHISPERER,2006,NC-17,4.99,5
Sci-Fi,CITIZEN SHREK,2006,G,0.99,7
Sci-Fi,COLDBLOODED DARLING,2006,G,4.99,7
Sci-Fi,CONNECTICUT TRAMP,2006,R,4.99,4
Sci-Fi,CROWDS TELEMARK,2006,R,4.99,3
Sci-Fi,DAISY MENAGERIE,2006,G,4.99,5
Sci-Fi,DISTURBING SCARFACE,2006,R,2.99,6
Sci-Fi,DIVIDE MONSTER,2006,PG-13,2.99,6
Sci-Fi,DOLLS RAGE,2006,PG-13,2.99,7
Sci-Fi,ENGLISH BULWORTH,2006,PG-13,0.99,3
Sci-Fi,EXPRESS LONELY,2006,R,2.99,5
Sci-Fi,EYES DRIVING,2006,PG-13,2.99,4
Sci-Fi,FIDDLER LOST,2006,R,4.99,4
Sci-Fi,FISH OPUS,2006,R,2.99,4
Sci-Fi,FRISCO FORREST,2006,PG,4.99,6
Sci-Fi,GARDEN ISLAND,2006,G,4.99,3
Sci-Fi,GOLDMINE TYCOON,2006,R,0.99,6
Sci-Fi,GOODFELLAS SALUTE,2006,PG,4.99,4
Sci-Fi,GRAFFITI LOVE,2006,PG,0.99,3
Sci-Fi,GUYS FALCON,2006,R,4.99,4
Sci-Fi,HAMLET WISDOM,2006,R,2.99,7
Sci-Fi,HANKY OCTOBER,2006,NC-17,2.99,5
Sci-Fi,HOLLOW JEOPARDY,2006,NC-17,4.99,7
Sci-Fi,IDENTITY LOVER,2006,PG-13,2.99,4
Sci-Fi,LICENSE WEEKEND,2006,NC-17,2.99,7
Sci-Fi,MARRIED GO,2006,G,2.99,7
Sci-Fi,METROPOLIS COMA,2006,PG-13,2.99,4
Sci-Fi,MOURNING PURPLE,2006,PG,0.99,5
Sci-Fi,NEMO CAMPUS,2006,NC-17,2.99,5
Sci-Fi,NONE SPIKING,2006,NC-17,0.99,3
Sci-Fi,OPEN AFRICAN,2006,PG,4.99,7
Sci-Fi,PANTHER REDS,2006,NC-17,4.99,5
Sci-Fi,RAGING AIRPLANE,2006,R,4.99,4
Sci-Fi,RANDOM GO,2006,NC-17,2.99,6
Sci-Fi,REIGN GENTLEMEN,2006,PG-13,2.99,3
Sci-Fi,SILVERADO GOLDFINGER,2006,PG,4.99,4
Sci-Fi,SOLDIERS EVOLUTION,2006,R,4.99,7
Sci-Fi,SPIRITED CASUALTIES,2006,PG-13,0.99,5
Sci-Fi,STALLION SUNDANCE,2006,PG-13,0.99,5
Sci-Fi,SUICIDES SILENCE,2006,G,4.99,4
Sci-Fi,SUN CONFESSIONS,2006,R,0.99,5
Sci-Fi,TITANS JERK,2006,PG,4.99,4
Sci-Fi,TROJAN TOMORROW,2006,PG,2.99,3
Sci-Fi,UNFORGIVEN ZOOLANDER,2006,PG,0.99,7
Sci-Fi,VACATION BOONDOCK,2006,R,2.99,4
Sci-Fi,WEEKEND PERSONAL,2006,R,2.99,5
Sci-Fi,WHISPERER GIANT,2006,PG-13,4.99,4
Sci-Fi,WONDERLAND CHRISTMAS,2006,PG,4.99,4
Drama,APOLLO TEEN,2006,PG-13,2.99,5
Drama,BEAUTY GREASE,2006,G,4.99,5
Drama,BEETHOVEN EXORCIST,2006,PG-13,0.99,6
Drama,BLADE POLISH,2006,PG-13,0.99,5
Drama,BRIGHT ENCOUNTERS,2006,PG-13,4.99,4
Drama,BUNCH MINDS,2006,G,2.99,4
Drama,CHILL LUCK,2006,PG,0.99,6
Drama,CHITTY LOCK,2006,G,2.99,6
Drama,CONEHEADS SMOOCHY,2006,NC-17,4.99,7
Drama,CONFESSIONS MAGUIRE,2006,PG-13,4.99,7
Drama,CONQUERER NUTS,2006,G,4.99,4
Drama,CRAFT OUTFIELD,2006,NC-17,0.99,6
Drama,DALMATIONS SWEDEN,2006,PG,0.99,4
Drama,DARKNESS WAR,2006,NC-17,2.99,6
Drama,DECEIVER BETRAYED,2006,NC-17,0.99,7
Drama,DESTINATION JERK,2006,PG-13,0.99,3
Drama,DIARY PANIC,2006,G,2.99,7
Drama,EDGE KISSING,2006,NC-17,4.99,5
Drama,ENCOUNTERS CURTAIN,2006,NC-17,0.99,5
Drama,GOLDFINGER SENSIBILITY,2006,G,0.99,3
Drama,GONE TROUBLE,2006,R,2.99,7
Drama,GREEDY ROOTS,2006,R,0.99,7
Drama,HANGING DEEP,2006,G,4.99,5
Drama,HAROLD FRENCH,2006,NC-17,0.99,6
Drama,HARRY IDAHO,2006,PG-13,4.99,5
Drama,HOBBIT ALIEN,2006,PG-13,0.99,5
Drama,HUNCHBACK IMPOSSIBLE,2006,PG-13,4.99,4
Drama,JACKET FRISCO,2006,PG-13,2.99,5
Drama,KWAI HOMEWARD,2006,PG-13,0.99,5
Drama,LEBOWSKI SOLDIERS,2006,PG-13,2.99,6
Drama,LIES TREATMENT,2006,NC-17,4.99,7
Drama,LUCK OPUS,2006,NC-17,2.99,7
Drama,MOB DUFFEL,2006,G,0.99,4
Drama,NECKLACE OUTBREAK,2006,PG,0.99,3
Drama,NOTTING SPEAKEASY,2006,PG-13,0.99,7
Drama,ORIENT CLOSER,2006,R,2.99,3
Drama,PATHS CONTROL,2006,PG,4.99,3
Drama,PAYCHECK WAIT,2006,PG-13,4.99,4
Drama,PITY BOUND,2006,NC-17,4.99,5
Drama,QUEEN LUKE,2006,PG,4.99,5
Drama,RACER EGG,2006,NC-17,2.99,7
Drama,REUNION WITCHES,2006,R,0.99,3
Drama,ROCKY WAR,2006,PG-13,4.99,4
Drama,SAINTS BRIDE,2006,G,2.99,5
Drama,SAVANNAH TOWN,2006,PG-13,0.99,5
Drama,SCORPION APOLLO,2006,NC-17,4.99,3
Drama,SEA VIRGIN,2006,PG,2.99,4
Drama,SEATTLE EXPECATIONS,2006,PG-13,4.99,4
Drama,SHOOTIST SUPERFLY,2006,PG-13,0.99,6
Drama,SLACKER LIAISONS,2006,R,4.99,7
Drama,SOMETHING DUCK,2006,NC-17,4.99,4
Drama,SPICE SORORITY,2006,NC-17,4.99,5
Drama,TENENBAUMS COMMAND,2006,PG-13,0.99,4
Drama,TORQUE BOUND,2006,G,4.99,3
Drama,TRANSLATION SUMMER,2006,PG-13,0.99,4
Drama,TREATMENT JEKYLL,2006,PG,0.99,3
Drama,UNFAITHFUL KILL,2006,R,2.99,7
Drama,VIETNAM SMOOCHY,2006,PG-13,0.99,7
Drama,VIRGIN DAISY,2006,PG-13,4.99,6
Drama,WARDROBE PHANTOM,2006,G,2.99,6
Drama,WEST LION,2006,G,4.99,4
Drama,WITCHES PANIC,2006,NC-17,4.99,6
Travel,ARSENIC INDEPENDENCE,2006,PG,0.99,4
Travel,BASIC EASY,2006,PG-13,2.99,4
Travel,BIRD INDEPENDENCE,2006,G,4.99,6
Travel,BOILED DARES,2006,PG,4.99,7
Travel,BOONDOCK BALLROOM,2006,NC-17,0.99,7
Travel,BORN SPINAL,2006,PG,4.99,7
Travel,BUCKET BROTHERHOOD,2006,PG,4.99,7
Travel,CASABLANCA SUPER,2006,G,4.99,6
Travel,CASSIDY WYOMING,2006,NC-17,2.99,5
Travel,COMA HEAD,2006,NC-17,4.99,6
Travel,COMFORTS RUSH,2006,NC-17,2.99,3
Travel,CONTACT ANONYMOUS,2006,PG-13,2.99,7
Travel,DESPERATE TRAINSPOTTING,2006,G,4.99,7
Travel,DISCIPLE MOTHER,2006,PG,0.99,3
Travel,DRUMLINE CYCLONE,2006,G,0.99,3
Travel,ENOUGH RAGING,2006,NC-17,2.99,7
Travel,ESCAPE METROPOLIS,2006,R,2.99,7
Travel,EXPECATIONS NATURAL,2006,PG-13,4.99,5
Travel,FACTORY DRAGON,2006,PG-13,0.99,4
Travel,FELLOWSHIP AUTUMN,2006,NC-17,4.99,6
Travel,FROGMEN BREAKING,2006,R,0.99,5
Travel,FUGITIVE MAGUIRE,2006,R,4.99,7
Travel,GAMES BOWFINGER,2006,PG-13,4.99,7
Travel,GUMP DATE,2006,NC-17,4.99,3
Travel,HAUNTED ANTITRUST,2006,NC-17,4.99,6
Travel,HORROR REIGN,2006,R,0.99,3
Travel,IGBY MAKER,2006,NC-17,4.99,7
Travel,ITALIAN AFRICAN,2006,G,4.99,3
Travel,KICK SAVANNAH,2006,PG-13,0.99,3
Travel,LEATHERNECKS DWARFS,2006,PG-13,2.99,6
Travel,LIAISONS SWEET,2006,PG,4.99,5
Travel,LOCK REAR,2006,R,2.99,7
Travel,MADIGAN DORADO,2006,R,4.99,5
Travel,MOULIN WAKE,2006,PG-13,0.99,4
Travel,MUSCLE BRIGHT,2006,G,2.99,7
Travel,ORDER BETRAYED,2006,PG-13,2.99,7
Travel,OTHERS SOUP,2006,PG,2.99,7
Travel,OUTLAW HANKY,2006,PG-13,4.99,7
Travel,PAPI NECKLACE,2006,PG,0.99,3
Travel,SHANE DARKNESS,2006,PG,2.99,5
Travel,SHANGHAI TYCOON,2006,PG,2.99,7
Travel,SHAWSHANK BUBBLE,2006,PG,4.99,6
Travel,SHINING ROSES,2006,G,0.99,4
Travel,SMILE EARRING,2006,G,2.99,4
Travel,SPEED SUIT,2006,PG-13,4.99,7
Travel,STONE FIRE,2006,G,0.99,3
Travel,SUPERFLY TRIP,2006,PG,0.99,5
Travel,SWEET BROTHERHOOD,2006,R,2.99,3
Travel,TEEN APOLLO,2006,G,4.99,3
Travel,TOMATOES HELLFIGHTERS,2006,PG,0.99,6
Travel,TRAFFIC HOBBIT,2006,G,4.99,5
Travel,TROUBLE DATE,2006,PG,2.99,6
Travel,VALENTINE VANISHING,2006,PG-13,0.99,7
Travel,WINDOW SIDE,2006,R,2.99,3
Travel,WOLVES DESIRE,2006,NC-17,0.99,7
Travel,WORKER TARZAN,2006,R,2.99,7
Travel,WORKING MICROCOSMOS,2006,R,4.99,4
Games,AUTUMN CROW,2006,G,4.99,3
Games,BULWORTH COMMANDMENTS,2006,G,2.99,4
Games,CANDLES GRAPES,2006,NC-17,4.99,6
Games,CHICAGO NORTH,2006,PG-13,4.99,6
Games,CREATURES SHAKESPEARE,2006,NC-17,0.99,3
Games,CURTAIN VIDEOTAPE,2006,PG-13,0.99,7
Games,DARLING BREAKING,2006,PG-13,4.99,7
Games,DAWN POND,2006,PG,4.99,4
Games,DAZED PUNK,2006,G,4.99,6
Games,DETAILS PACKER,2006,R,4.99,4
Games,DIRTY ACE,2006,NC-17,2.99,7
Games,DIVINE RESURRECTION,2006,R,2.99,4
Games,DWARFS ALTER,2006,G,2.99,6
Games,ENCINO ELF,2006,G,0.99,6
Games,FANTASIA PARK,2006,G,2.99,5
Games,FEATHERS METAL,2006,PG-13,0.99,3
Games,FEVER EMPIRE,2006,R,4.99,5
Games,FIRE WOLVES,2006,R,4.99,5
Games,FORWARD TEMPLE,2006,NC-17,2.99,6
Games,GATHERING CALENDAR,2006,PG-13,0.99,4
Games,GLORY TRACY,2006,PG-13,2.99,7
Games,GRINCH MASSAGE,2006,R,4.99,7
Games,GRIT CLOCKWORK,2006,PG,0.99,3
Games,GUN BONNIE,2006,G,0.99,7
Games,HAUNTING PIANIST,2006,R,0.99,5
Games,HEAD STRANGER,2006,R,4.99,4
Games,HUMAN GRAFFITI,2006,NC-17,2.99,3
Games,ICE CROSSING,2006,R,2.99,5
Games,JERICHO MULAN,2006,NC-17,2.99,3
Games,LADYBUGS ARMAGEDDON,2006,NC-17,0.99,4
Games,LAMBS CINCINATTI,2006,PG-13,4.99,6
Games,MADRE GABLES,2006,PG-13,2.99,7
Games,MALTESE HOPE,2006,PG-13,4.99,6
Games,MARS ROMAN,2006,NC-17,0.99,6
Games,MASSACRE USUAL,2006,R,4.99,6
Games,MONSOON CAUSE,2006,PG,4.99,6
Games,MOONSHINE CABIN,2006,PG-13,4.99,4
Games,MOONWALKER FOOL,2006,G,4.99,5
Games,NAME DETECTIVE,2006,PG-13,4.99,5
Games,NIGHTMARE CHILL,2006,PG,4.99,3
Games,OUTBREAK DIVINE,2006,NC-17,0.99,6
Games,PANKY SUBMARINE,2006,G,4.99,4
Games,PIZZA JUMANJI,2006,NC-17,2.99,4
Games,PRIVATE DROP,2006,PG,4.99,7
Games,PSYCHO SHRUNK,2006,PG-13,2.99,5
Games,ROOF CHAMPION,2006,R,0.99,7
Games,ROUGE SQUAD,2006,NC-17,0.99,3
Games,ROXANNE REBEL,2006,R,0.99,5
Games,SASSY PACKER,2006,G,0.99,6
Games,SEVEN SWARM,2006,R,4.99,4
Games,SLEUTH ORIENT,2006,NC-17,0.99,4
Games,SPY MILE,2006,PG-13,2.99,6
Games,STAMPEDE DISTURBING,2006,R,0.99,5
Games,STATE WASTELAND,2006,NC-17,2.99,4
Games,SUIT WALLS,2006,R,4.99,3
Games,TYCOON GATHERING,2006,G,4.99,3
Games,VANILLA DAY,2006,NC-17,4.99,7
Games,VIDEOTAPE ARSENIC,2006,NC-17,4.99,4
Games,VOLCANO TEXAS,2006,NC-17,0.99,6
Games,WANDA CHAMBER,2006,PG-13,4.99,7
Games,WIND PHANTOM,2006,R,0.99,6
Children,BACKLASH UNDEFEATED,2006,PG-13,4.99,3
Children,BEAR GRACELAND,2006,R,2.99,4
Children,BENEATH RUSH,2006,NC-17,0.99,6
Children,BETRAYED REAR,2006,NC-17,4.99,5
Children,CABIN FLASH,2006,NC-17,0.99,4
Children,CASPER DRAGONFLY,2006,PG-13,4.99,3
Children,CHRISTMAS MOONSHINE,2006,NC-17,0.99,7
Children,CIRCUS YOUTH,2006,PG-13,2.99,5
Children,CLOCKWORK PARADISE,2006,PG-13,0.99,7
Children,COMANCHEROS ENEMY,2006,R,0.99,5
Children,CROOKED FROGMEN,2006,PG-13,0.99,6
Children,DAUGHTER MADIGAN,2006,PG-13,4.99,3
Children,DOCTOR GRAIL,2006,G,2.99,4
Children,EMPIRE MALKOVICH,2006,G,0.99,7
Children,FARGO GANDHI,2006,G,2.99,3
Children,FOREVER CANDIDATE,2006,NC-17,2.99,7
Children,FULL FLATLINERS,2006,PG,2.99,6
Children,FURY MURDER,2006,PG-13,0.99,3
Children,GHOST GROUNDHOG,2006,G,4.99,6
Children,GIANT TROOPERS,2006,R,2.99,5
Children,GORGEOUS BINGO,2006,R,2.99,4
Children,GRADUATE LORD,2006,G,2.99,7
Children,HALL CASSIDY,2006,NC-17,4.99,5
Children,HEARTBREAKERS BRIGHT,2006,G,4.99,3
Children,HOLLYWOOD ANONYMOUS,2006,PG,0.99,7
Children,HOLOCAUST HIGHBALL,2006,R,0.99,6
Children,IDOLS SNATCHERS,2006,NC-17,2.99,5
Children,INVASION CYCLONE,2006,PG,2.99,5
Children,JERSEY SASSY,2006,PG,4.99,6
Children,JUMPING WRATH,2006,NC-17,0.99,4
Children,LABYRINTH LEAGUE,2006,PG-13,2.99,6
Children,LANGUAGE COWBOY,2006,NC-17,0.99,5
Children,LEGALLY SECRETARY,2006,PG,4.99,7
Children,MAGIC MALLRATS,2006,PG,0.99,3
Children,MAKER GABLES,2006,PG-13,0.99,4
Children,MICROCOSMOS PARADISE,2006,PG-13,2.99,6
Children,MODEL FISH,2006,NC-17,4.99,4
Children,MURDER ANTITRUST,2006,PG,2.99,6
Children,NOON PAPI,2006,G,2.99,5
Children,POLISH BROOKLYN,2006,PG,0.99,6
Children,ROBBERS JOON,2006,PG-13,2.99,7
Children,SABRINA MIDNIGHT,2006,PG,4.99,5
Children,SANTA PARIS,2006,PG,2.99,7
Children,SCARFACE BANG,2006,PG-13,4.99,3
Children,SHEPHERD MIDSUMMER,2006,R,0.99,7
Children,SISTER FREDDY,2006,PG-13,4.99,5
Children,SPLENDOR PATTON,2006,R,0.99,5
Children,STRANGELOVE DESIRE,2006,NC-17,0.99,4
Children,STRANGER STRANGERS,2006,G,4.99,3
Children,SUNDANCE INVASION,2006,NC-17,0.99,5
Children,SWEETHEARTS SUSPECTS,2006,G,0.99,3
Children,TEQUILA PAST,2006,PG,4.99,6
Children,TIES HUNGER,2006,R,4.99,3
Children,TOOTSIE PILOT,2006,PG,0.99,3
Children,TWISTED PIRATES,2006,PG,4.99,4
Children,UPTOWN YOUNG,2006,PG,2.99,5
Children,WALLS ARTIST,2006,PG,4.99,7
Children,WARLOCK WEREWOLF,2006,G,2.99,6
Children,WRONG BEHAVIOR,2006,PG-13,2.99,6
Children,ZOOLANDER FICTION,2006,R,2.99,5
